,Open,High,Low,Close,Adj Close,Volume
count,3651.0,3651.0,3651.0,3651.0,3651.0,3651.0
mean,6763.260018919402,6779.2981386782885,6747.101890172213,6763.470645670316,6763.470645670316,5508157.785812106
std,4745.9471408803365,4757.099861903286,4734.359837225747,4746.038544593374,4746.038544593374,2584265.474854962
min,843.7600157553987,846.3769627036647,843.7098913738463,845.4245917993601,845.4245917993601,1002700.0
25%,1907.9256894205137,1909.4763793505153,1902.63594269435,1907.160582843458,1907.160582843458,3306257.5
50%,7035.71013057205,7049.162948424949,7020.8362336614255,7039.173100383355,7039.173100383355,5509612.0
75%,10817.295789406737,10838.12428359269,10780.011774709317,10818.550504328547,10818.550504328547,7702365.0
max,17381.911187261365,17482.946701217657,17401.146241277776,17411.818983782152,17411.818983782152,9997945.0
